case_study,accession,accession_type,bioproject,geo_series,published_inclusion,stress_class,published_condition,tissue,fish_weight_g,exposure_time,platform,evidence_location,source_note
environmental_rainbow_trout,GSM8172384,GSM,PRJNA1092638,GSE262612,Yes,heat stress,18 °C,Liver,400,7 days,Illumina NovaSeq 6000,"Bari et al. 2025, Table 1; Supplementary Table S1",Included in published meta-analysis
environmental_rainbow_trout,GSM8172385,GSM,PRJNA1092638,GSE262612,Yes,heat stress,18 °C,Liver,400,7 days,Illumina NovaSeq 6000,"Bari et al. 2025, Table 1; Supplementary Table S1",Included in published meta-analysis
environmental_rainbow_trout,GSM8172386,GSM,PRJNA1092638,GSE262612,Yes,heat stress,18 °C,Liver,400,7 days,Illumina NovaSeq 6000,"Bari et al. 2025, Table 1; Supplementary Table S1",Included in published meta-analysis
environmental_rainbow_trout,GSM8172387,GSM,PRJNA1092638,GSE262612,Yes,heat stress,24 °C,Liver,400,7 days,Illumina NovaSeq 6000,"Bari et al. 2025, Table 1; Supplementary Table S1",Included in published meta-analysis
environmental_rainbow_trout,GSM8172388,GSM,PRJNA1092638,GSE262612,Yes,heat stress,24 °C,Liver,400,7 days,Illumina NovaSeq 6000,"Bari et al. 2025, Table 1; Supplementary Table S1",Included in published meta-analysis
environmental_rainbow_trout,GSM8172389,GSM,PRJNA1092638,GSE262612,Yes,heat stress,24 °C,Liver,400,7 days,Illumina NovaSeq 6000,"Bari et al. 2025, Table 1; Supplementary Table S1",Included in published meta-analysis
environmental_rainbow_trout,GSM4025692,GSM,PRJNA559610,GSE135668,Yes,heat stress,18 °C,Liver,200,7 days,Illumina HiSeq 4000,"Bari et al. 2025, Table 1; Supplementary Table S1",Included in published meta-analysis
environmental_rainbow_trout,GSM4025693,GSM,PRJNA559610,GSE135668,Yes,heat stress,18 °C,Liver,200,7 days,Illumina HiSeq 4000,"Bari et al. 2025, Table 1; Supplementary Table S1",Included in published meta-analysis
environmental_rainbow_trout,GSM4025694,GSM,PRJNA559610,GSE135668,Yes,heat stress,18 °C,Liver,200,7 days,Illumina HiSeq 4000,"Bari et al. 2025, Table 1; Supplementary Table S1",Included in published meta-analysis
environmental_rainbow_trout,GSM4025695,GSM,PRJNA559610,GSE135668,Yes,heat stress,24 °C,Liver,200,7 days,Illumina HiSeq 4000,"Bari et al. 2025, Table 1; Supplementary Table S1",Included in published meta-analysis
environmental_rainbow_trout,GSM4025696,GSM,PRJNA559610,GSE135668,Yes,heat stress,24 °C,Liver,200,7 days,Illumina HiSeq 4000,"Bari et al. 2025, Table 1; Supplementary Table S1",Included in published meta-analysis
environmental_rainbow_trout,GSM4025697,GSM,PRJNA559610,GSE135668,Yes,heat stress,24 °C,Liver,200,7 days,Illumina HiSeq 4000,"Bari et al. 2025, Table 1; Supplementary Table S1",Included in published meta-analysis
environmental_rainbow_trout,GSM8017523,GSM,PRJNA1064938,GSE253274,Yes,hypoxia,4.5 mg/L,Muscle,200,12 h,Illumina NovaSeq 6000,"Bari et al. 2025, Table 1; Supplementary Table S1",Included in published meta-analysis
environmental_rainbow_trout,GSM8017524,GSM,PRJNA1064938,GSE253274,Yes,hypoxia,4.5 mg/L,Muscle,200,12 h,Illumina NovaSeq 6000,"Bari et al. 2025, Table 1; Supplementary Table S1",Included in published meta-analysis
environmental_rainbow_trout,GSM8017525,GSM,PRJNA1064938,GSE253274,Yes,hypoxia,4.5 mg/L,Muscle,200,12 h,Illumina NovaSeq 6000,"Bari et al. 2025, Table 1; Supplementary Table S1",Included in published meta-analysis
environmental_rainbow_trout,GSM8017526,GSM,PRJNA1064938,GSE253274,Yes,hypoxia,3 mg/L,Muscle,200,12 h,Illumina NovaSeq 6000,"Bari et al. 2025, Table 1; Supplementary Table S1",Included in published meta-analysis
environmental_rainbow_trout,GSM8017527,GSM,PRJNA1064938,GSE253274,Yes,hypoxia,3 mg/L,Muscle,200,12 h,Illumina NovaSeq 6000,"Bari et al. 2025, Table 1; Supplementary Table S1",Included in published meta-analysis
environmental_rainbow_trout,GSM8017528,GSM,PRJNA1064938,GSE253274,Yes,hypoxia,3 mg/L,Muscle,200,12 h,Illumina NovaSeq 6000,"Bari et al. 2025, Table 1; Supplementary Table S1",Included in published meta-analysis
environmental_rainbow_trout,GSM8017529,GSM,PRJNA1064938,GSE253274,Yes,hypoxia,8.5 mg/L,Muscle,200,12 h,Illumina NovaSeq 6000,"Bari et al. 2025, Table 1; Supplementary Table S1",Included in published meta-analysis
environmental_rainbow_trout,GSM8017530,GSM,PRJNA1064938,GSE253274,Yes,hypoxia,8.5 mg/L,Muscle,200,12 h,Illumina NovaSeq 6000,"Bari et al. 2025, Table 1; Supplementary Table S1",Included in published meta-analysis
environmental_rainbow_trout,GSM8017531,GSM,PRJNA1064938,GSE253274,Yes,hypoxia,8.5 mg/L,Muscle,200,12 h,Illumina NovaSeq 6000,"Bari et al. 2025, Table 1; Supplementary Table S1",Included in published meta-analysis
environmental_rainbow_trout,GSM7673627,GSM,PRJNA1000995,GSE239806,Yes,hypoxia,4.5 mg/L,Liver,200,12 h,Illumina HiSeq 4000,"Bari et al. 2025, Table 1; Supplementary Table S1",Included in published meta-analysis
environmental_rainbow_trout,GSM7673628,GSM,PRJNA1000995,GSE239806,Yes,hypoxia,4.5 mg/L,Liver,200,12 h,Illumina HiSeq 4000,"Bari et al. 2025, Table 1; Supplementary Table S1",Included in published meta-analysis
environmental_rainbow_trout,GSM7673629,GSM,PRJNA1000995,GSE239806,Yes,hypoxia,4.5 mg/L,Liver,200,12 h,Illumina HiSeq 4000,"Bari et al. 2025, Table 1; Supplementary Table S1",Included in published meta-analysis
environmental_rainbow_trout,GSM7673630,GSM,PRJNA1000995,GSE239806,Yes,hypoxia,3 mg/L,Liver,200,12 h,Illumina HiSeq 4000,"Bari et al. 2025, Table 1; Supplementary Table S1",Included in published meta-analysis
environmental_rainbow_trout,GSM7673631,GSM,PRJNA1000995,GSE239806,Yes,hypoxia,3 mg/L,Liver,200,12 h,Illumina HiSeq 4000,"Bari et al. 2025, Table 1; Supplementary Table S1",Included in published meta-analysis
environmental_rainbow_trout,GSM7673632,GSM,PRJNA1000995,GSE239806,Yes,hypoxia,3 mg/L,Liver,200,12 h,Illumina HiSeq 4000,"Bari et al. 2025, Table 1; Supplementary Table S1",Included in published meta-analysis
environmental_rainbow_trout,GSM7673633,GSM,PRJNA1000995,GSE239806,Yes,hypoxia,8.5 mg/L,Liver,200,12 h,Illumina HiSeq 4000,"Bari et al. 2025, Table 1; Supplementary Table S1",Included in published meta-analysis
environmental_rainbow_trout,GSM7673634,GSM,PRJNA1000995,GSE239806,Yes,hypoxia,8.5 mg/L,Liver,200,12 h,Illumina HiSeq 4000,"Bari et al. 2025, Table 1; Supplementary Table S1",Included in published meta-analysis
environmental_rainbow_trout,GSM7673635,GSM,PRJNA1000995,GSE239806,Yes,hypoxia,8.5 mg/L,Liver,200,12 h,Illumina HiSeq 4000,"Bari et al. 2025, Table 1; Supplementary Table S1",Included in published meta-analysis
