accession,study_id,sample_code,name_in_study,published_disease_status,published_pairing,published_age,published_sex,published_instrument,scout_modality,scout_library_strategy,scout_suitability,scout_readiness,scout_condition,scout_control,scout_treatment,scout_time_point,scout_replicate_information,scout_design_confidence,scout_missing_information,publication_resolves_condition,publication_provides_pairing,evaluation
SRR13555212,1,GSM5044749,N6,control,paired,54,M,Illumina HiSeq 4000,RNA-seq,RNA_SEQ,Potentially suitable,Exploratory use only,,,,,One sequencing run is represented by the inspected accession; biological replicate status is not established by this information alone.,Insufficient information,"Control-group annotation; Treatment-group annotation, if applicable; Time-point information, if applicable; Biological replicate annotation",yes,yes,Metadata-limited / publication-resolved
SRR13555213,1,GSM5044750,T6,GBM,paired,54,M,Illumina HiSeq 4000,RNA-seq,RNA_SEQ,Potentially suitable,Exploratory use only,,,,,One sequencing run is represented by the inspected accession; biological replicate status is not established by this information alone.,Insufficient information,"Control-group annotation; Treatment-group annotation, if applicable; Time-point information, if applicable; Biological replicate annotation",yes,yes,Metadata-limited / publication-resolved
SRR13555214,1,GSM5044751,N12,control,paired,52,M,Illumina HiSeq 4000,RNA-seq,RNA_SEQ,Potentially suitable,Exploratory use only,,,,,One sequencing run is represented by the inspected accession; biological replicate status is not established by this information alone.,Insufficient information,"Control-group annotation; Treatment-group annotation, if applicable; Time-point information, if applicable; Biological replicate annotation",yes,yes,Metadata-limited / publication-resolved
SRR13555215,1,GSM5044752,T12,GBM,paired,52,M,Illumina HiSeq 4000,RNA-seq,RNA_SEQ,Potentially suitable,Exploratory use only,,,,,One sequencing run is represented by the inspected accession; biological replicate status is not established by this information alone.,Insufficient information,"Control-group annotation; Treatment-group annotation, if applicable; Time-point information, if applicable; Biological replicate annotation",yes,yes,Metadata-limited / publication-resolved
SRR13555216,1,GSM5044753,N13,control,paired,65,F,Illumina HiSeq 4000,RNA-seq,RNA_SEQ,Potentially suitable,Exploratory use only,,,,,One sequencing run is represented by the inspected accession; biological replicate status is not established by this information alone.,Insufficient information,"Control-group annotation; Treatment-group annotation, if applicable; Time-point information, if applicable; Biological replicate annotation",yes,yes,Metadata-limited / publication-resolved
SRR13555217,1,GSM5044754,T13,GBM,paired,65,F,Illumina HiSeq 4000,RNA-seq,RNA_SEQ,Potentially suitable,Exploratory use only,,,,,One sequencing run is represented by the inspected accession; biological replicate status is not established by this information alone.,Insufficient information,"Control-group annotation; Treatment-group annotation, if applicable; Time-point information, if applicable; Biological replicate annotation",yes,yes,Metadata-limited / publication-resolved
SRR13555218,1,GSM5044755,N18,control,paired,73,M,Illumina HiSeq 4000,RNA-seq,RNA_SEQ,Potentially suitable,Exploratory use only,,,,,One sequencing run is represented by the inspected accession; biological replicate status is not established by this information alone.,Insufficient information,"Control-group annotation; Treatment-group annotation, if applicable; Time-point information, if applicable; Biological replicate annotation",yes,yes,Metadata-limited / publication-resolved
SRR13555219,1,GSM5044756,T18,GBM,paired,73,M,Illumina HiSeq 4000,RNA-seq,RNA_SEQ,Potentially suitable,Exploratory use only,,,,,One sequencing run is represented by the inspected accession; biological replicate status is not established by this information alone.,Insufficient information,"Control-group annotation; Treatment-group annotation, if applicable; Time-point information, if applicable; Biological replicate annotation",yes,yes,Metadata-limited / publication-resolved
SRR13555220,1,GSM5044757,N19,control,paired,55,M,Illumina HiSeq 4000,RNA-seq,RNA_SEQ,Potentially suitable,Exploratory use only,,,,,One sequencing run is represented by the inspected accession; biological replicate status is not established by this information alone.,Insufficient information,"Control-group annotation; Treatment-group annotation, if applicable; Time-point information, if applicable; Biological replicate annotation",yes,yes,Metadata-limited / publication-resolved
SRR13555221,1,GSM5044758,T19,GBM,paired,55,M,Illumina HiSeq 4000,RNA-seq,RNA_SEQ,Potentially suitable,Exploratory use only,,,,,One sequencing run is represented by the inspected accession; biological replicate status is not established by this information alone.,Insufficient information,"Control-group annotation; Treatment-group annotation, if applicable; Time-point information, if applicable; Biological replicate annotation",yes,yes,Metadata-limited / publication-resolved
SRR13555222,1,GSM5044759,N20,control,paired,49,M,Illumina HiSeq 4000,RNA-seq,RNA_SEQ,Potentially suitable,Exploratory use only,,,,,One sequencing run is represented by the inspected accession; biological replicate status is not established by this information alone.,Insufficient information,"Control-group annotation; Treatment-group annotation, if applicable; Time-point information, if applicable; Biological replicate annotation",yes,yes,Metadata-limited / publication-resolved
SRR13555223,1,GSM5044760,T20,GBM,paired,49,M,Illumina HiSeq 4000,RNA-seq,RNA_SEQ,Potentially suitable,Exploratory use only,,,,,One sequencing run is represented by the inspected accession; biological replicate status is not established by this information alone.,Insufficient information,"Control-group annotation; Treatment-group annotation, if applicable; Time-point information, if applicable; Biological replicate annotation",yes,yes,Metadata-limited / publication-resolved
SRR13555224,1,GSM5044761,N22,control,paired,59,M,Illumina HiSeq 4000,RNA-seq,RNA_SEQ,Potentially suitable,Exploratory use only,,,,,One sequencing run is represented by the inspected accession; biological replicate status is not established by this information alone.,Insufficient information,"Control-group annotation; Treatment-group annotation, if applicable; Time-point information, if applicable; Biological replicate annotation",yes,yes,Metadata-limited / publication-resolved
SRR13555225,1,GSM5044762,T22,GBM,paired,59,M,Illumina HiSeq 4000,RNA-seq,RNA_SEQ,Potentially suitable,Exploratory use only,,,,,One sequencing run is represented by the inspected accession; biological replicate status is not established by this information alone.,Insufficient information,"Control-group annotation; Treatment-group annotation, if applicable; Time-point information, if applicable; Biological replicate annotation",yes,yes,Metadata-limited / publication-resolved
SRR13555226,1,GSM5044763,N24,control,paired,40,M,Illumina HiSeq 4000,RNA-seq,RNA_SEQ,Potentially suitable,Exploratory use only,,,,,One sequencing run is represented by the inspected accession; biological replicate status is not established by this information alone.,Insufficient information,"Control-group annotation; Treatment-group annotation, if applicable; Time-point information, if applicable; Biological replicate annotation",yes,yes,Metadata-limited / publication-resolved
SRR13555227,1,GSM5044764,T24,GBM,paired,40,M,Illumina HiSeq 4000,RNA-seq,RNA_SEQ,Potentially suitable,Exploratory use only,,,,,One sequencing run is represented by the inspected accession; biological replicate status is not established by this information alone.,Insufficient information,"Control-group annotation; Treatment-group annotation, if applicable; Time-point information, if applicable; Biological replicate annotation",yes,yes,Metadata-limited / publication-resolved
SRR13555228,1,GSM5044765,N25,control,paired,71,F,Illumina HiSeq 4000,RNA-seq,RNA_SEQ,Potentially suitable,Exploratory use only,,,,,One sequencing run is represented by the inspected accession; biological replicate status is not established by this information alone.,Insufficient information,"Control-group annotation; Treatment-group annotation, if applicable; Time-point information, if applicable; Biological replicate annotation",yes,yes,Metadata-limited / publication-resolved
SRR13555229,1,GSM5044766,T25,GBM,paired,71,F,Illumina HiSeq 4000,RNA-seq,RNA_SEQ,Potentially suitable,Exploratory use only,,,,,One sequencing run is represented by the inspected accession; biological replicate status is not established by this information alone.,Insufficient information,"Control-group annotation; Treatment-group annotation, if applicable; Time-point information, if applicable; Biological replicate annotation",yes,yes,Metadata-limited / publication-resolved
SRR13555230,1,GSM5044767,N14,control,paired,68,M,Illumina HiSeq 4000,RNA-seq,RNA_SEQ,Potentially suitable,Exploratory use only,,,,,One sequencing run is represented by the inspected accession; biological replicate status is not established by this information alone.,Insufficient information,"Control-group annotation; Treatment-group annotation, if applicable; Time-point information, if applicable; Biological replicate annotation",yes,yes,Metadata-limited / publication-resolved
SRR13555231,1,GSM5044768,T14,GBM,paired,68,M,Illumina HiSeq 4000,RNA-seq,RNA_SEQ,Potentially suitable,Exploratory use only,,,,,One sequencing run is represented by the inspected accession; biological replicate status is not established by this information alone.,Insufficient information,"Control-group annotation; Treatment-group annotation, if applicable; Time-point information, if applicable; Biological replicate annotation",yes,yes,Metadata-limited / publication-resolved
SRR13555232,1,GSM5044769,N16,control,paired,52,F,Illumina HiSeq 4000,RNA-seq,RNA_SEQ,Potentially suitable,Exploratory use only,,,,,One sequencing run is represented by the inspected accession; biological replicate status is not established by this information alone.,Insufficient information,"Control-group annotation; Treatment-group annotation, if applicable; Time-point information, if applicable; Biological replicate annotation",yes,yes,Metadata-limited / publication-resolved
SRR13555233,1,GSM5044770,T16,GBM,paired,52,F,Illumina HiSeq 4000,RNA-seq,RNA_SEQ,Potentially suitable,Exploratory use only,,,,,One sequencing run is represented by the inspected accession; biological replicate status is not established by this information alone.,Insufficient information,"Control-group annotation; Treatment-group annotation, if applicable; Time-point information, if applicable; Biological replicate annotation",yes,yes,Metadata-limited / publication-resolved
SRR13555234,1,GSM5044771,N21,control,paired,38,M,Illumina HiSeq 4000,RNA-seq,RNA_SEQ,Potentially suitable,Exploratory use only,,,,,One sequencing run is represented by the inspected accession; biological replicate status is not established by this information alone.,Insufficient information,"Control-group annotation; Treatment-group annotation, if applicable; Time-point information, if applicable; Biological replicate annotation",yes,yes,Metadata-limited / publication-resolved
SRR13555235,1,Sample GSM5044772,T21,GBM,paired,38,M,Illumina HiSeq 4000,RNA-seq,RNA_SEQ,Potentially suitable,Exploratory use only,,,,,One sequencing run is represented by the inspected accession; biological replicate status is not established by this information alone.,Insufficient information,"Control-group annotation; Treatment-group annotation, if applicable; Time-point information, if applicable; Biological replicate annotation",yes,yes,Metadata-limited / publication-resolved
SRR13555236,1,GSM5044773,N40,control,paired,52,F,Illumina HiSeq 4000,RNA-seq,RNA_SEQ,Potentially suitable,Exploratory use only,,,,,One sequencing run is represented by the inspected accession; biological replicate status is not established by this information alone.,Insufficient information,"Control-group annotation; Treatment-group annotation, if applicable; Time-point information, if applicable; Biological replicate annotation",yes,yes,Metadata-limited / publication-resolved
SRR13555237,1,GSM5044774,T40,GBM,paired,52,F,Illumina HiSeq 4000,RNA-seq,RNA_SEQ,Potentially suitable,Exploratory use only,,,,,One sequencing run is represented by the inspected accession; biological replicate status is not established by this information alone.,Insufficient information,"Control-group annotation; Treatment-group annotation, if applicable; Time-point information, if applicable; Biological replicate annotation",yes,yes,Metadata-limited / publication-resolved
SRR13555238,1,GSM5044775,N42-1,control,paired,56,M,Illumina HiSeq 4000,RNA-seq,RNA_SEQ,Potentially suitable,Exploratory use only,,,,,One sequencing run is represented by the inspected accession; biological replicate status is not established by this information alone.,Insufficient information,"Control-group annotation; Treatment-group annotation, if applicable; Time-point information, if applicable; Biological replicate annotation",yes,yes,Metadata-limited / publication-resolved
SRR13555239,1,GSM5044776,T42,GBM,paired,56,M,Illumina HiSeq 4000,RNA-seq,RNA_SEQ,Potentially suitable,Exploratory use only,,,,,One sequencing run is represented by the inspected accession; biological replicate status is not established by this information alone.,Insufficient information,"Control-group annotation; Treatment-group annotation, if applicable; Time-point information, if applicable; Biological replicate annotation",yes,yes,Metadata-limited / publication-resolved
SRR13555240,1,GSM5044777,N4,control,paired,55,M,Illumina HiSeq 4000,RNA-seq,RNA_SEQ,Potentially suitable,Exploratory use only,,,,,One sequencing run is represented by the inspected accession; biological replicate status is not established by this information alone.,Insufficient information,"Control-group annotation; Treatment-group annotation, if applicable; Time-point information, if applicable; Biological replicate annotation",yes,yes,Metadata-limited / publication-resolved
SRR13555241,1,GSM5044778,T4,GBM,paired,55,M,Illumina HiSeq 4000,RNA-seq,RNA_SEQ,Potentially suitable,Exploratory use only,,,,,One sequencing run is represented by the inspected accession; biological replicate status is not established by this information alone.,Insufficient information,"Control-group annotation; Treatment-group annotation, if applicable; Time-point information, if applicable; Biological replicate annotation",yes,yes,Metadata-limited / publication-resolved
SRR1521388,9,GSM1440448,PC124,GBM,single,38,F,Illumina HiSeq 2000,RNA-seq,RNA_SEQ,Potentially suitable,Exploratory use only,,,,,One sequencing run is represented by the inspected accession; biological replicate status is not established by this information alone.,Insufficient information,"Control-group annotation; Treatment-group annotation, if applicable; Time-point information, if applicable; Biological replicate annotation",yes,yes,Metadata-limited / publication-resolved
SRR1521389,9,GSM1440449,PC47  (patient 3402),GBM,single,38,F,Illumina HiSeq 2000,RNA-seq,RNA_SEQ,Potentially suitable,Exploratory use only,,,,,One sequencing run is represented by the inspected accession; biological replicate status is not established by this information alone.,Insufficient information,"Control-group annotation; Treatment-group annotation, if applicable; Time-point information, if applicable; Biological replicate annotation",yes,yes,Metadata-limited / publication-resolved
SRR1521390,9,GSM1440450,PC125  (patient 3402),GBM,single,38,F,Illumina HiSeq 2000,RNA-seq,RNA_SEQ,Potentially suitable,Exploratory use only,,,,,One sequencing run is represented by the inspected accession; biological replicate status is not established by this information alone.,Insufficient information,"Control-group annotation; Treatment-group annotation, if applicable; Time-point information, if applicable; Biological replicate annotation",yes,yes,Metadata-limited / publication-resolved
SRR1521397,9,GSM1440457,PC135 (patient 3381),GBM,single,64,M,Illumina HiSeq 2000,RNA-seq,RNA_SEQ,Potentially suitable,Exploratory use only,,,,,One sequencing run is represented by the inspected accession; biological replicate status is not established by this information alone.,Insufficient information,"Control-group annotation; Treatment-group annotation, if applicable; Time-point information, if applicable; Biological replicate annotation",yes,yes,Metadata-limited / publication-resolved
SRR1521398,9,GSM1440458,PC67 (patient 3382,GBM,single,57,M,Illumina HiSeq 2000,RNA-seq,RNA_SEQ,Potentially suitable,Exploratory use only,,,,,One sequencing run is represented by the inspected accession; biological replicate status is not established by this information alone.,Insufficient information,"Control-group annotation; Treatment-group annotation, if applicable; Time-point information, if applicable; Biological replicate annotation",yes,yes,Metadata-limited / publication-resolved
SRR1521404,9,GSM1440464,PC112 (patient 3396),GBM,single,69,M,Illumina HiSeq 2000,RNA-seq,RNA_SEQ,Potentially suitable,Exploratory use only,,,,,One sequencing run is represented by the inspected accession; biological replicate status is not established by this information alone.,Insufficient information,"Control-group annotation; Treatment-group annotation, if applicable; Time-point information, if applicable; Biological replicate annotation",yes,yes,Metadata-limited / publication-resolved
SRR1521405,9,GSM1440465,PC123  (patient 3402),GBM,single,38,F,Illumina HiSeq 2000,RNA-seq,RNA_SEQ,Potentially suitable,Exploratory use only,,,,,One sequencing run is represented by the inspected accession; biological replicate status is not established by this information alone.,Insufficient information,"Control-group annotation; Treatment-group annotation, if applicable; Time-point information, if applicable; Biological replicate annotation",yes,yes,Metadata-limited / publication-resolved
SRR1521407,9,GSM1440467,PC52 (patient 3399),GBM,single,65,M,Illumina HiSeq 2000,RNA-seq,RNA_SEQ,Potentially suitable,Exploratory use only,,,,,One sequencing run is represented by the inspected accession; biological replicate status is not established by this information alone.,Insufficient information,"Control-group annotation; Treatment-group annotation, if applicable; Time-point information, if applicable; Biological replicate annotation",yes,yes,Metadata-limited / publication-resolved
SRR1521410,9,GSM1440470,PC120 (patient 3375),GBM,single,65,M,Illumina HiSeq 2000,RNA-seq,RNA_SEQ,Potentially suitable,Exploratory use only,,,,,One sequencing run is represented by the inspected accession; biological replicate status is not established by this information alone.,Insufficient information,"Control-group annotation; Treatment-group annotation, if applicable; Time-point information, if applicable; Biological replicate annotation",yes,yes,Metadata-limited / publication-resolved
SRR1521411,9,GSM1440471,BJ001 (patient 3465),GBM,single,56,F,Illumina HiSeq 2000,RNA-seq,RNA_SEQ,Potentially suitable,Exploratory use only,,,,,One sequencing run is represented by the inspected accession; biological replicate status is not established by this information alone.,Insufficient information,"Control-group annotation; Treatment-group annotation, if applicable; Time-point information, if applicable; Biological replicate annotation",yes,yes,Metadata-limited / publication-resolved
SRR1521412,9,GSM1440472,BJ002 (patient 3465),GBM,single,56,F,Illumina HiSeq 2000,RNA-seq,RNA_SEQ,Potentially suitable,Exploratory use only,,,,,One sequencing run is represented by the inspected accession; biological replicate status is not established by this information alone.,Insufficient information,"Control-group annotation; Treatment-group annotation, if applicable; Time-point information, if applicable; Biological replicate annotation",yes,yes,Metadata-limited / publication-resolved
SRR1521413,9,GSM1440473,BJ004 (patient 3467),GBM,single,68,M,Illumina HiSeq 2000,RNA-seq,RNA_SEQ,Potentially suitable,Exploratory use only,,,,,One sequencing run is represented by the inspected accession; biological replicate status is not established by this information alone.,Insufficient information,"Control-group annotation; Treatment-group annotation, if applicable; Time-point information, if applicable; Biological replicate annotation",yes,yes,Metadata-limited / publication-resolved
SRR1521414,9,GSM1440474,BJ005 (patient 3467),GBM,single,68,M,Illumina HiSeq 2000,RNA-seq,RNA_SEQ,Potentially suitable,Exploratory use only,,,,,One sequencing run is represented by the inspected accession; biological replicate status is not established by this information alone.,Insufficient information,"Control-group annotation; Treatment-group annotation, if applicable; Time-point information, if applicable; Biological replicate annotation",yes,yes,Metadata-limited / publication-resolved
SRR1521415,9,GSM1440475,BJ006 (patient 3467),GBM,single,68,M,Illumina HiSeq 2000,RNA-seq,RNA_SEQ,Potentially suitable,Exploratory use only,,,,,One sequencing run is represented by the inspected accession; biological replicate status is not established by this information alone.,Insufficient information,"Control-group annotation; Treatment-group annotation, if applicable; Time-point information, if applicable; Biological replicate annotation",yes,yes,Metadata-limited / publication-resolved
SRR1521416,9,GSM1440476,BJ009 (patient 3494),GBM,single,57,F,Illumina HiSeq 2000,RNA-seq,RNA_SEQ,Potentially suitable,Exploratory use only,,,,,One sequencing run is represented by the inspected accession; biological replicate status is not established by this information alone.,Insufficient information,"Control-group annotation; Treatment-group annotation, if applicable; Time-point information, if applicable; Biological replicate annotation",yes,yes,Metadata-limited / publication-resolved
SRR1521417,9,GSM1440477,BJ010 (patient 3494),GBM,single,57,F,Illumina HiSeq 2000,RNA-seq,RNA_SEQ,Potentially suitable,Exploratory use only,,,,,One sequencing run is represented by the inspected accession; biological replicate status is not established by this information alone.,Insufficient information,"Control-group annotation; Treatment-group annotation, if applicable; Time-point information, if applicable; Biological replicate annotation",yes,yes,Metadata-limited / publication-resolved
SRR1521418,9,GSM1440478,BJ011 (patient 3494),GBM,single,57,F,Illumina HiSeq 2000,RNA-seq,RNA_SEQ,Potentially suitable,Exploratory use only,,,,,One sequencing run is represented by the inspected accession; biological replicate status is not established by this information alone.,Insufficient information,"Control-group annotation; Treatment-group annotation, if applicable; Time-point information, if applicable; Biological replicate annotation",yes,yes,Metadata-limited / publication-resolved
SRR1521419,9,GSM1440479,BJ014 (patient 3469),GBM,single,68,F,Illumina HiSeq 2000,RNA-seq,RNA_SEQ,Potentially suitable,Exploratory use only,,,,,One sequencing run is represented by the inspected accession; biological replicate status is not established by this information alone.,Insufficient information,"Control-group annotation; Treatment-group annotation, if applicable; Time-point information, if applicable; Biological replicate annotation",yes,yes,Metadata-limited / publication-resolved
SRR1521420,9,GSM1440480,BJ017 (patient 3575),GBM,single,78,M,Illumina HiSeq 2000,RNA-seq,RNA_SEQ,Potentially suitable,Exploratory use only,,,,,One sequencing run is represented by the inspected accession; biological replicate status is not established by this information alone.,Insufficient information,"Control-group annotation; Treatment-group annotation, if applicable; Time-point information, if applicable; Biological replicate annotation",yes,yes,Metadata-limited / publication-resolved
SRR1521421,9,GSM1440481,BJ019 (patient 3612),GBM,single,69,F,Illumina HiSeq 2000,RNA-seq,RNA_SEQ,Potentially suitable,Exploratory use only,,,,,One sequencing run is represented by the inspected accession; biological replicate status is not established by this information alone.,Insufficient information,"Control-group annotation; Treatment-group annotation, if applicable; Time-point information, if applicable; Biological replicate annotation",yes,yes,Metadata-limited / publication-resolved
SRR1521424,9,GSM1440484,JJ035 (patient 3759),GBM,single,59,F,Illumina HiSeq 2000,RNA-seq,RNA_SEQ,Potentially suitable,Exploratory use only,,,,,One sequencing run is represented by the inspected accession; biological replicate status is not established by this information alone.,Insufficient information,"Control-group annotation; Treatment-group annotation, if applicable; Time-point information, if applicable; Biological replicate annotation",yes,yes,Metadata-limited / publication-resolved
SRR1521425,9,GSM1440485,JJ037 (patient 3768),GBM,single,58,F,Illumina HiSeq 2000,RNA-seq,RNA_SEQ,Potentially suitable,Exploratory use only,,,,,One sequencing run is represented by the inspected accession; biological replicate status is not established by this information alone.,Insufficient information,"Control-group annotation; Treatment-group annotation, if applicable; Time-point information, if applicable; Biological replicate annotation",yes,yes,Metadata-limited / publication-resolved
SRR1521426,9,GSM1440486,JJ039 (patient 3776),GBM,single,76,M,Illumina HiSeq 2000,RNA-seq,RNA_SEQ,Potentially suitable,Exploratory use only,,,,,One sequencing run is represented by the inspected accession; biological replicate status is not established by this information alone.,Insufficient information,"Control-group annotation; Treatment-group annotation, if applicable; Time-point information, if applicable; Biological replicate annotation",yes,yes,Metadata-limited / publication-resolved
SRR1521427,9,GSM1440487,BJ025,control,single,NA,NA,Illumina HiSeq 2000,RNA-seq,RNA_SEQ,Potentially suitable,Exploratory use only,,,,,One sequencing run is represented by the inspected accession; biological replicate status is not established by this information alone.,Insufficient information,"Control-group annotation; Treatment-group annotation, if applicable; Time-point information, if applicable; Biological replicate annotation",yes,yes,Metadata-limited / publication-resolved
SRR1521428,9,GSM1440488,BJ026,control,single,NA,NA,Illumina HiSeq 2000,RNA-seq,RNA_SEQ,Potentially suitable,Exploratory use only,,,,,One sequencing run is represented by the inspected accession; biological replicate status is not established by this information alone.,Insufficient information,"Control-group annotation; Treatment-group annotation, if applicable; Time-point information, if applicable; Biological replicate annotation",yes,yes,Metadata-limited / publication-resolved
SRR1521429,9,GSM1440489,BJ027,control,single,NA,NA,Illumina HiSeq 2000,RNA-seq,RNA_SEQ,Potentially suitable,Exploratory use only,,,,,One sequencing run is represented by the inspected accession; biological replicate status is not established by this information alone.,Insufficient information,"Control-group annotation; Treatment-group annotation, if applicable; Time-point information, if applicable; Biological replicate annotation",yes,yes,Metadata-limited / publication-resolved
SRR1521430,9,GSM1440490,BJ028,control,single,NA,NA,Illumina HiSeq 2000,RNA-seq,RNA_SEQ,Potentially suitable,Exploratory use only,,,,,One sequencing run is represented by the inspected accession; biological replicate status is not established by this information alone.,Insufficient information,"Control-group annotation; Treatment-group annotation, if applicable; Time-point information, if applicable; Biological replicate annotation",yes,yes,Metadata-limited / publication-resolved
SRR1521431,9,GSM1440491,BJ029,control,single,NA,NA,Illumina HiSeq 2000,RNA-seq,RNA_SEQ,Potentially suitable,Exploratory use only,,,,,One sequencing run is represented by the inspected accession; biological replicate status is not established by this information alone.,Insufficient information,"Control-group annotation; Treatment-group annotation, if applicable; Time-point information, if applicable; Biological replicate annotation",yes,yes,Metadata-limited / publication-resolved
SRR1521432,9,GSM1440492,BJ030,control,single,NA,NA,Illumina HiSeq 2000,RNA-seq,RNA_SEQ,Potentially suitable,Exploratory use only,,,,,One sequencing run is represented by the inspected accession; biological replicate status is not established by this information alone.,Insufficient information,"Control-group annotation; Treatment-group annotation, if applicable; Time-point information, if applicable; Biological replicate annotation",yes,yes,Metadata-limited / publication-resolved
SRR1521433,9,GSM1440493,BJ031,control,single,NA,NA,Illumina HiSeq 2000,RNA-seq,RNA_SEQ,Potentially suitable,Exploratory use only,,,,,One sequencing run is represented by the inspected accession; biological replicate status is not established by this information alone.,Insufficient information,"Control-group annotation; Treatment-group annotation, if applicable; Time-point information, if applicable; Biological replicate annotation",yes,yes,Metadata-limited / publication-resolved
SRR1521434,9,,,control,single,NA,NA,Illumina HiSeq 2000,RNA-seq,RNA_SEQ,Potentially suitable,Exploratory use only,,,,,One sequencing run is represented by the inspected accession; biological replicate status is not established by this information alone.,Insufficient information,"Control-group annotation; Treatment-group annotation, if applicable; Time-point information, if applicable; Biological replicate annotation",yes,yes,Metadata-limited / publication-resolved
SRR1521435,9,,,control,single,NA,NA,Illumina HiSeq 2000,RNA-seq,RNA_SEQ,Potentially suitable,Exploratory use only,,,,,One sequencing run is represented by the inspected accession; biological replicate status is not established by this information alone.,Insufficient information,"Control-group annotation; Treatment-group annotation, if applicable; Time-point information, if applicable; Biological replicate annotation",yes,yes,Metadata-limited / publication-resolved
SRR1521436,9,GSM1440494,BJ024,control,single,NA,NA,Illumina HiSeq 2000,RNA-seq,RNA_SEQ,Potentially suitable,Exploratory use only,,,,,One sequencing run is represented by the inspected accession; biological replicate status is not established by this information alone.,Insufficient information,"Control-group annotation; Treatment-group annotation, if applicable; Time-point information, if applicable; Biological replicate annotation",yes,yes,Metadata-limited / publication-resolved
SRR1521437,9,GSM1440495,JJ015,control,single,NA,NA,Illumina HiSeq 2000,RNA-seq,RNA_SEQ,Potentially suitable,Exploratory use only,,,,,One sequencing run is represented by the inspected accession; biological replicate status is not established by this information alone.,Insufficient information,"Control-group annotation; Treatment-group annotation, if applicable; Time-point information, if applicable; Biological replicate annotation",yes,yes,Metadata-limited / publication-resolved
SRR1521438,9,GSM1440496,JJ013,control,single,NA,NA,Illumina HiSeq 2000,RNA-seq,RNA_SEQ,Potentially suitable,Exploratory use only,,,,,One sequencing run is represented by the inspected accession; biological replicate status is not established by this information alone.,Insufficient information,"Control-group annotation; Treatment-group annotation, if applicable; Time-point information, if applicable; Biological replicate annotation",yes,yes,Metadata-limited / publication-resolved
SRR1521439,9,GSM1440497,JJ014,control,single,NA,NA,Illumina HiSeq 2000,RNA-seq,RNA_SEQ,Potentially suitable,Exploratory use only,,,,,One sequencing run is represented by the inspected accession; biological replicate status is not established by this information alone.,Insufficient information,"Control-group annotation; Treatment-group annotation, if applicable; Time-point information, if applicable; Biological replicate annotation",yes,yes,Metadata-limited / publication-resolved
SRR1521440,9,GSM1440498,AP001,control,single,NA,NA,Illumina HiSeq 2000,RNA-seq,RNA_SEQ,Potentially suitable,Exploratory use only,,,,,One sequencing run is represented by the inspected accession; biological replicate status is not established by this information alone.,Insufficient information,"Control-group annotation; Treatment-group annotation, if applicable; Time-point information, if applicable; Biological replicate annotation",yes,yes,Metadata-limited / publication-resolved
SRR1521441,9,GSM1440499,AP002,control,single,NA,NA,Illumina HiSeq 2000,RNA-seq,RNA_SEQ,Potentially suitable,Exploratory use only,,,,,One sequencing run is represented by the inspected accession; biological replicate status is not established by this information alone.,Insufficient information,"Control-group annotation; Treatment-group annotation, if applicable; Time-point information, if applicable; Biological replicate annotation",yes,yes,Metadata-limited / publication-resolved
SRR1521442,9,GSM1440500,AP003,control,single,NA,NA,Illumina HiSeq 2000,RNA-seq,RNA_SEQ,Potentially suitable,Exploratory use only,,,,,One sequencing run is represented by the inspected accession; biological replicate status is not established by this information alone.,Insufficient information,"Control-group annotation; Treatment-group annotation, if applicable; Time-point information, if applicable; Biological replicate annotation",yes,yes,Metadata-limited / publication-resolved
SRR1521443,9,GSM1440501,AP004,control,single,NA,NA,Illumina HiSeq 2000,RNA-seq,RNA_SEQ,Potentially suitable,Exploratory use only,,,,,One sequencing run is represented by the inspected accession; biological replicate status is not established by this information alone.,Insufficient information,"Control-group annotation; Treatment-group annotation, if applicable; Time-point information, if applicable; Biological replicate annotation",yes,yes,Metadata-limited / publication-resolved
SRR1521444,9,GSM1440502,AP005,control,single,NA,NA,Illumina HiSeq 2000,RNA-seq,RNA_SEQ,Potentially suitable,Exploratory use only,,,,,One sequencing run is represented by the inspected accession; biological replicate status is not established by this information alone.,Insufficient information,"Control-group annotation; Treatment-group annotation, if applicable; Time-point information, if applicable; Biological replicate annotation",yes,yes,Metadata-limited / publication-resolved
SRR1521445,9,GSM1440503,AP006,control,single,NA,NA,Illumina HiSeq 2000,RNA-seq,RNA_SEQ,Potentially suitable,Exploratory use only,,,,,One sequencing run is represented by the inspected accession; biological replicate status is not established by this information alone.,Insufficient information,"Control-group annotation; Treatment-group annotation, if applicable; Time-point information, if applicable; Biological replicate annotation",yes,yes,Metadata-limited / publication-resolved
SRR1633194,8,GSM1532541,GBM17,GBM,paired,NA,NA,Illumina HiSeq 2000,RNA-seq,RNA_SEQ,Potentially suitable,Exploratory use only,,,,,One sequencing run is represented by the inspected accession; biological replicate status is not established by this information alone.,Insufficient information,"Control-group annotation; Treatment-group annotation, if applicable; Time-point information, if applicable; Biological replicate annotation",yes,yes,Metadata-limited / publication-resolved
SRR1633195,8,GSM1532542,GBM31,GBM,paired,NA,NA,Illumina HiSeq 2000,RNA-seq,RNA_SEQ,Potentially suitable,Exploratory use only,,,,,One sequencing run is represented by the inspected accession; biological replicate status is not established by this information alone.,Insufficient information,"Control-group annotation; Treatment-group annotation, if applicable; Time-point information, if applicable; Biological replicate annotation",yes,yes,Metadata-limited / publication-resolved
SRR1633196,8,GSM1532543,GBM16,control,paired,NA,NA,Illumina HiSeq 2000,RNA-seq,RNA_SEQ,Potentially suitable,Exploratory use only,,,,,One sequencing run is represented by the inspected accession; biological replicate status is not established by this information alone.,Insufficient information,"Control-group annotation; Treatment-group annotation, if applicable; Time-point information, if applicable; Biological replicate annotation",yes,yes,Metadata-limited / publication-resolved
SRR1633197,8,GSM1532544,GBM34,control,paired,NA,NA,Illumina HiSeq 2000,RNA-seq,RNA_SEQ,Potentially suitable,Exploratory use only,,,,,One sequencing run is represented by the inspected accession; biological replicate status is not established by this information alone.,Insufficient information,"Control-group annotation; Treatment-group annotation, if applicable; Time-point information, if applicable; Biological replicate annotation",yes,yes,Metadata-limited / publication-resolved
SRR4095542,6,GSM2297702,C1,GBM,paired,NA,M,Illumina HiSeq 2500,RNA-seq,RNA_SEQ,Potentially suitable,Exploratory use only,,,,,One sequencing run is represented by the inspected accession; biological replicate status is not established by this information alone.,Insufficient information,"Control-group annotation; Treatment-group annotation, if applicable; Time-point information, if applicable; Biological replicate annotation",yes,yes,Metadata-limited / publication-resolved
SRR4095543,6,GSM2297703,C2,GBM,paired,NA,M,Illumina HiSeq 2500,RNA-seq,RNA_SEQ,Potentially suitable,Exploratory use only,,,,,One sequencing run is represented by the inspected accession; biological replicate status is not established by this information alone.,Insufficient information,"Control-group annotation; Treatment-group annotation, if applicable; Time-point information, if applicable; Biological replicate annotation",yes,yes,Metadata-limited / publication-resolved
SRR4095544,6,GSM2297704,C3,GBM,paired,NA,M,Illumina HiSeq 2500,RNA-seq,RNA_SEQ,Potentially suitable,Exploratory use only,,,,,One sequencing run is represented by the inspected accession; biological replicate status is not established by this information alone.,Insufficient information,"Control-group annotation; Treatment-group annotation, if applicable; Time-point information, if applicable; Biological replicate annotation",yes,yes,Metadata-limited / publication-resolved
SRR4095545,6,GSM2297705,T1,control,paired,NA,M,Illumina HiSeq 2500,RNA-seq,RNA_SEQ,Potentially suitable,Exploratory use only,,,,,One sequencing run is represented by the inspected accession; biological replicate status is not established by this information alone.,Insufficient information,"Control-group annotation; Treatment-group annotation, if applicable; Time-point information, if applicable; Biological replicate annotation",yes,yes,Metadata-limited / publication-resolved
SRR4095546,6,GSM2297706,T2,control,paired,NA,M,Illumina HiSeq 2500,RNA-seq,RNA_SEQ,Potentially suitable,Exploratory use only,,,,,One sequencing run is represented by the inspected accession; biological replicate status is not established by this information alone.,Insufficient information,"Control-group annotation; Treatment-group annotation, if applicable; Time-point information, if applicable; Biological replicate annotation",yes,yes,Metadata-limited / publication-resolved
SRR4095547,6,GSM2297707,T3,control,paired,NA,M,Illumina HiSeq 2500,RNA-seq,RNA_SEQ,Potentially suitable,Exploratory use only,,,,,One sequencing run is represented by the inspected accession; biological replicate status is not established by this information alone.,Insufficient information,"Control-group annotation; Treatment-group annotation, if applicable; Time-point information, if applicable; Biological replicate annotation",yes,yes,Metadata-limited / publication-resolved
